{
  "name": "female1_angry_1a_1",
  "annotates": "female1_angry_1a_1.wav",
  "sampleRate": 44100,
  "levels": [
    {
      "name": "ORT",
      "type": "SEGMENT",
      "items": [
        {
          "id": 0,
          "sampleStart": 0,
          "sampleDur": 4409,
          "labels": [
            {
              "name": "ORT",
              "value": ""
            }
          ]
        },
        {
          "id": 1,
          "sampleStart": 4410,
          "sampleDur": 19844,
          "labels": [
            {
              "name": "ORT",
              "value": "Tom"
            }
          ]
        },
        {
          "id": 2,
          "sampleStart": 24255,
          "sampleDur": 17639,
          "labels": [
            {
              "name": "ORT",
              "value": "beats"
            }
          ]
        },
        {
          "id": 3,
          "sampleStart": 41895,
          "sampleDur": 10142,
          "labels": [
            {
              "name": "ORT",
              "value": "that"
            }
          ]
        },
        {
          "id": 4,
          "sampleStart": 52038,
          "sampleDur": 23813,
          "labels": [
            {
              "name": "ORT",
              "value": "farmer"
            }
          ]
        },
        {
          "id": 5,
          "sampleStart": 75852,
          "sampleDur": 10142,
          "labels": [
            {
              "name": "ORT",
              "value": ""
            }
          ]
        }
      ]
    },
    {
      "name": "MAU",
      "type": "SEGMENT",
      "items": [
        {
          "id": 6,
          "sampleStart": 0,
          "sampleDur": 4409,
          "labels": [
            {
              "name": "MAU",
              "value": "<p:>"
            }
          ]
        },
        {
          "id": 7,
          "sampleStart": 4410,
          "sampleDur": 6614,
          "labels": [
            {
              "name": "MAU",
              "value": "t"
            }
          ]
        },
        {
          "id": 8,
          "sampleStart": 11025,
          "sampleDur": 8378,
          "labels": [
            {
              "name": "MAU",
              "value": "O"
            }
          ]
        },
        {
          "id": 9,
          "sampleStart": 19404,
          "sampleDur": 4850,
          "labels": [
            {
              "name": "MAU",
              "value": "m"
            }
          ]
        },
        {
          "id": 10,
          "sampleStart": 24255,
          "sampleDur": 4850,
          "labels": [
            {
              "name": "MAU",
              "value": "b"
            }
          ]
        },
        {
          "id": 11,
          "sampleStart": 29106,
          "sampleDur": 7055,
          "labels": [
            {
              "name": "MAU",
              "value": "i:"
            }
          ]
        },
        {
          "id": 12,
          "sampleStart": 36162,
          "sampleDur": 2204,
          "labels": [
            {
              "name": "MAU",
              "value": "t"
            }
          ]
        },
        {
          "id": 13,
          "sampleStart": 38367,
          "sampleDur": 3527,
          "labels": [
            {
              "name": "MAU",
              "value": "s"
            }
          ]
        },
        {
          "id": 14,
          "sampleStart": 41895,
          "sampleDur": 1322,
          "labels": [
            {
              "name": "MAU",
              "value": "D"
            }
          ]
        },
        {
          "id": 15,
          "sampleStart": 43218,
          "sampleDur": 6613,
          "labels": [
            {
              "name": "MAU",
              "value": "{"
            }
          ]
        },
        {
          "id": 16,
          "sampleStart": 49832,
          "sampleDur": 2205,
          "labels": [
            {
              "name": "MAU",
              "value": "t"
            }
          ]
        },
        {
          "id": 17,
          "sampleStart": 52038,
          "sampleDur": 3527,
          "labels": [
            {
              "name": "MAU",
              "value": "f"
            }
          ]
        },
        {
          "id": 18,
          "sampleStart": 55566,
          "sampleDur": 8378,
          "labels": [
            {
              "name": "MAU",
              "value": "6:"
            }
          ]
        },
        {
          "id": 19,
          "sampleStart": 63945,
          "sampleDur": 3086,
          "labels": [
            {
              "name": "MAU",
              "value": "m"
            }
          ]
        },
        {
          "id": 20,
          "sampleStart": 67032,
          "sampleDur": 8819,
          "labels": [
            {
              "name": "MAU",
              "value": "@"
            }
          ]
        },
        {
          "id": 21,
          "sampleStart": 75852,
          "sampleDur": 10142,
          "labels": [
            {
              "name": "MAU",
              "value": "<p:>"
            }
          ]
        }
      ]
    }
  ],
  "links": []
}
