{
  "name": "male2_happy_3b_2",
  "annotates": "male2_happy_3b_2.wav",
  "sampleRate": 44100,
  "levels": [
    {
      "name": "ORT",
      "type": "SEGMENT",
      "items": [
        {
          "id": 0,
          "sampleStart": 0,
          "sampleDur": 6614,
          "labels": [
            {
              "name": "ORT",
              "value": ""
            }
          ]
        },
        {
          "id": 1,
          "sampleStart": 6615,
          "sampleDur": 4409,
          "labels": [
            {
              "name": "ORT",
              "value": "The"
            }
          ]
        },
        {
          "id": 2,
          "sampleStart": 11025,
          "sampleDur": 15875,
          "labels": [
            {
              "name": "ORT",
              "value": "seed"
            }
          ]
        },
        {
          "id": 3,
          "sampleStart": 26901,
          "sampleDur": 6614,
          "labels": [
            {
              "name": "ORT",
              "value": "is"
            }
          ]
        },
        {
          "id": 4,
          "sampleStart": 33516,
          "sampleDur": 17197,
          "labels": [
            {
              "name": "ORT",
              "value": "buried"
            }
          ]
        },
        {
          "id": 5,
          "sampleStart": 50714,
          "sampleDur": 7497,
          "labels": [
            {
              "name": "ORT",
              "value": "in"
            }
          ]
        },
        {
          "id": 6,
          "sampleStart": 58212,
          "sampleDur": 17198,
          "labels": [
            {
              "name": "ORT",
              "value": "deep"
            }
          ]
        },
        {
          "id": 7,
          "sampleStart": 75411,
          "sampleDur": 6173,
          "labels": [
            {
              "name": "ORT",
              "value": ""
            }
          ]
        }
      ]
    },
    {
      "name": "MAU",
      "type": "SEGMENT",
      "items": [
        {
          "id": 8,
          "sampleStart": 0,
          "sampleDur": 6614,
          "labels": [
            {
              "name": "MAU",
              "value": "<p:>"
            }
          ]
        },
        {
          "id": 9,
          "sampleStart": 6615,
          "sampleDur": 2204,
          "labels": [
            {
              "name": "MAU",
              "value": "D"
            }
          ]
        },
        {
          "id": 10,
          "sampleStart": 8820,
          "sampleDur": 2204,
          "labels": [
            {
              "name": "MAU",
              "value": "@"
            }
          ]
        },
        {
          "id": 11,
          "sampleStart": 11025,
          "sampleDur": 7055,
          "labels": [
            {
              "name": "MAU",
              "value": "s"
            }
          ]
        },
        {
          "id": 12,
          "sampleStart": 18081,
          "sampleDur": 6614,
          "labels": [
            {
              "name": "MAU",
              "value": "i:"
            }
          ]
        },
        {
          "id": 13,
          "sampleStart": 24696,
          "sampleDur": 2204,
          "labels": [
            {
              "name": "MAU",
              "value": "d"
            }
          ]
        },
        {
          "id": 14,
          "sampleStart": 26901,
          "sampleDur": 2645,
          "labels": [
            {
              "name": "MAU",
              "value": "I"
            }
          ]
        },
        {
          "id": 15,
          "sampleStart": 29547,
          "sampleDur": 3968,
          "labels": [
            {
              "name": "MAU",
              "value": "z"
            }
          ]
        },
        {
          "id": 16,
          "sampleStart": 33516,
          "sampleDur": 3086,
          "labels": [
            {
              "name": "MAU",
              "value": "b"
            }
          ]
        },
        {
          "id": 17,
          "sampleStart": 36603,
          "sampleDur": 3968,
          "labels": [
            {
              "name": "MAU",
              "value": "e"
            }
          ]
        },
        {
          "id": 18,
          "sampleStart": 40572,
          "sampleDur": 3086,
          "labels": [
            {
              "name": "MAU",
              "value": "r"
            }
          ]
        },
        {
          "id": 19,
          "sampleStart": 43659,
          "sampleDur": 3968,
          "labels": [
            {
              "name": "MAU",
              "value": "i:"
            }
          ]
        },
        {
          "id": 20,
          "sampleStart": 47628,
          "sampleDur": 3085,
          "labels": [
            {
              "name": "MAU",
              "value": "d"
            }
          ]
        },
        {
          "id": 21,
          "sampleStart": 50714,
          "sampleDur": 3528,
          "labels": [
            {
              "name": "MAU",
              "value": "I"
            }
          ]
        },
        {
          "id": 22,
          "sampleStart": 54243,
          "sampleDur": 3968,
          "labels": [
            {
              "name": "MAU",
              "value": "n"
            }
          ]
        },
        {
          "id": 23,
          "sampleStart": 58212,
          "sampleDur": 3085,
          "labels": [
            {
              "name": "MAU",
              "value": "d"
            }
          ]
        },
        {
          "id": 24,
          "sampleStart": 61298,
          "sampleDur": 9702,
          "labels": [
            {
              "name": "MAU",
              "value": "i:"
            }
          ]
        },
        {
          "id": 25,
          "sampleStart": 71001,
          "sampleDur": 4409,
          "labels": [
            {
              "name": "MAU",
              "value": "p"
            }
          ]
        },
        {
          "id": 26,
          "sampleStart": 75411,
          "sampleDur": 6173,
          "labels": [
            {
              "name": "MAU",
              "value": "<p:>"
            }
          ]
        }
      ]
    }
  ],
  "links": []
}
