{
  "name": "male2_encouraging_2b_2",
  "annotates": "male2_encouraging_2b_2.wav",
  "sampleRate": 44100,
  "levels": [
    {
      "name": "ORT",
      "type": "SEGMENT",
      "items": [
        {
          "id": 0,
          "sampleStart": 0,
          "sampleDur": 5732,
          "labels": [
            {
              "name": "ORT",
              "value": "<p:>"
            }
          ]
        },
        {
          "id": 1,
          "sampleStart": 5733,
          "sampleDur": 18519,
          "labels": [
            {
              "name": "ORT",
              "value": "John"
            }
          ]
        },
        {
          "id": 2,
          "sampleStart": 24253,
          "sampleDur": 14993,
          "labels": [
            {
              "name": "ORT",
              "value": "laughs"
            }
          ]
        },
        {
          "id": 3,
          "sampleStart": 39247,
          "sampleDur": 9701,
          "labels": [
            {
              "name": "ORT",
              "value": "like"
            }
          ]
        },
        {
          "id": 4,
          "sampleStart": 48949,
          "sampleDur": 5291,
          "labels": [
            {
              "name": "ORT",
              "value": "your"
            }
          ]
        },
        {
          "id": 5,
          "sampleStart": 54241,
          "sampleDur": 24254,
          "labels": [
            {
              "name": "ORT",
              "value": "father"
            }
          ]
        },
        {
          "id": 6,
          "sampleStart": 78496,
          "sampleDur": 9700,
          "labels": [
            {
              "name": "ORT",
              "value": "<p:>"
            }
          ]
        }
      ]
    },
    {
      "name": "MAU",
      "type": "SEGMENT",
      "items": [
        {
          "id": 7,
          "sampleStart": 0,
          "sampleDur": 5730,
          "labels": [
            {
              "name": "MAU",
              "value": "<p:>"
            }
          ]
        },
        {
          "id": 8,
          "sampleStart": 5731,
          "sampleDur": 6173,
          "labels": [
            {
              "name": "MAU",
              "value": "dZ"
            }
          ]
        },
        {
          "id": 9,
          "sampleStart": 11905,
          "sampleDur": 8378,
          "labels": [
            {
              "name": "MAU",
              "value": "O"
            }
          ]
        },
        {
          "id": 10,
          "sampleStart": 20284,
          "sampleDur": 3968,
          "labels": [
            {
              "name": "MAU",
              "value": "n"
            }
          ]
        },
        {
          "id": 11,
          "sampleStart": 24253,
          "sampleDur": 3968,
          "labels": [
            {
              "name": "MAU",
              "value": "l"
            }
          ]
        },
        {
          "id": 12,
          "sampleStart": 28222,
          "sampleDur": 6173,
          "labels": [
            {
              "name": "MAU",
              "value": "6:"
            }
          ]
        },
        {
          "id": 13,
          "sampleStart": 34396,
          "sampleDur": 1322,
          "labels": [
            {
              "name": "MAU",
              "value": "f"
            }
          ]
        },
        {
          "id": 14,
          "sampleStart": 35719,
          "sampleDur": 3527,
          "labels": [
            {
              "name": "MAU",
              "value": "s"
            }
          ]
        },
        {
          "id": 15,
          "sampleStart": 39247,
          "sampleDur": 1322,
          "labels": [
            {
              "name": "MAU",
              "value": "l"
            }
          ]
        },
        {
          "id": 16,
          "sampleStart": 40570,
          "sampleDur": 4409,
          "labels": [
            {
              "name": "MAU",
              "value": "Ae"
            }
          ]
        },
        {
          "id": 17,
          "sampleStart": 44980,
          "sampleDur": 3968,
          "labels": [
            {
              "name": "MAU",
              "value": "k"
            }
          ]
        },
        {
          "id": 18,
          "sampleStart": 48949,
          "sampleDur": 2204,
          "labels": [
            {
              "name": "MAU",
              "value": "j"
            }
          ]
        },
        {
          "id": 19,
          "sampleStart": 51154,
          "sampleDur": 3086,
          "labels": [
            {
              "name": "MAU",
              "value": "@"
            }
          ]
        },
        {
          "id": 20,
          "sampleStart": 54241,
          "sampleDur": 4850,
          "labels": [
            {
              "name": "MAU",
              "value": "f"
            }
          ]
        },
        {
          "id": 21,
          "sampleStart": 59092,
          "sampleDur": 7055,
          "labels": [
            {
              "name": "MAU",
              "value": "6:"
            }
          ]
        },
        {
          "id": 22,
          "sampleStart": 66148,
          "sampleDur": 2204,
          "labels": [
            {
              "name": "MAU",
              "value": "D"
            }
          ]
        },
        {
          "id": 23,
          "sampleStart": 68353,
          "sampleDur": 10142,
          "labels": [
            {
              "name": "MAU",
              "value": "@"
            }
          ]
        },
        {
          "id": 24,
          "sampleStart": 78496,
          "sampleDur": 9701,
          "labels": [
            {
              "name": "MAU",
              "value": "<p:>"
            }
          ]
        }
      ]
    }
  ],
  "links": []
}
