{
  "name": "male2_sad_4a_2",
  "annotates": "male2_sad_4a_2.wav",
  "sampleRate": 44100,
  "levels": [
    {
      "name": "ORT",
      "type": "SEGMENT",
      "items": [
        {
          "id": 0,
          "sampleStart": 0,
          "sampleDur": 6614,
          "labels": [
            {
              "name": "ORT",
              "value": ""
            }
          ]
        },
        {
          "id": 1,
          "sampleStart": 6615,
          "sampleDur": 20285,
          "labels": [
            {
              "name": "ORT",
              "value": "Taylor"
            }
          ]
        },
        {
          "id": 2,
          "sampleStart": 26901,
          "sampleDur": 14993,
          "labels": [
            {
              "name": "ORT",
              "value": "likes"
            }
          ]
        },
        {
          "id": 3,
          "sampleStart": 41895,
          "sampleDur": 23372,
          "labels": [
            {
              "name": "ORT",
              "value": "stewed"
            }
          ]
        },
        {
          "id": 4,
          "sampleStart": 65268,
          "sampleDur": 18962,
          "labels": [
            {
              "name": "ORT",
              "value": "Asian"
            }
          ]
        },
        {
          "id": 5,
          "sampleStart": 84231,
          "sampleDur": 19403,
          "labels": [
            {
              "name": "ORT",
              "value": "food"
            }
          ]
        },
        {
          "id": 6,
          "sampleStart": 103635,
          "sampleDur": 11024,
          "labels": [
            {
              "name": "ORT",
              "value": ""
            }
          ]
        }
      ]
    },
    {
      "name": "MAU",
      "type": "SEGMENT",
      "items": [
        {
          "id": 7,
          "sampleStart": 0,
          "sampleDur": 6614,
          "labels": [
            {
              "name": "MAU",
              "value": "<p:>"
            }
          ]
        },
        {
          "id": 8,
          "sampleStart": 6615,
          "sampleDur": 4850,
          "labels": [
            {
              "name": "MAU",
              "value": "t"
            }
          ]
        },
        {
          "id": 9,
          "sampleStart": 11466,
          "sampleDur": 6614,
          "labels": [
            {
              "name": "MAU",
              "value": "{I"
            }
          ]
        },
        {
          "id": 10,
          "sampleStart": 18081,
          "sampleDur": 3086,
          "labels": [
            {
              "name": "MAU",
              "value": "l"
            }
          ]
        },
        {
          "id": 11,
          "sampleStart": 21168,
          "sampleDur": 5732,
          "labels": [
            {
              "name": "MAU",
              "value": "@"
            }
          ]
        },
        {
          "id": 12,
          "sampleStart": 26901,
          "sampleDur": 4850,
          "labels": [
            {
              "name": "MAU",
              "value": "l"
            }
          ]
        },
        {
          "id": 13,
          "sampleStart": 31752,
          "sampleDur": 5732,
          "labels": [
            {
              "name": "MAU",
              "value": "Ae"
            }
          ]
        },
        {
          "id": 14,
          "sampleStart": 37485,
          "sampleDur": 4409,
          "labels": [
            {
              "name": "MAU",
              "value": "k"
            }
          ]
        },
        {
          "id": 15,
          "sampleStart": 41895,
          "sampleDur": 10142,
          "labels": [
            {
              "name": "MAU",
              "value": "s"
            }
          ]
        },
        {
          "id": 16,
          "sampleStart": 52038,
          "sampleDur": 2645,
          "labels": [
            {
              "name": "MAU",
              "value": "t"
            }
          ]
        },
        {
          "id": 17,
          "sampleStart": 54684,
          "sampleDur": 1322,
          "labels": [
            {
              "name": "MAU",
              "value": "j"
            }
          ]
        },
        {
          "id": 18,
          "sampleStart": 56007,
          "sampleDur": 7496,
          "labels": [
            {
              "name": "MAU",
              "value": "}:"
            }
          ]
        },
        {
          "id": 19,
          "sampleStart": 63504,
          "sampleDur": 1763,
          "labels": [
            {
              "name": "MAU",
              "value": "d"
            }
          ]
        },
        {
          "id": 20,
          "sampleStart": 65268,
          "sampleDur": 7055,
          "labels": [
            {
              "name": "MAU",
              "value": "{I"
            }
          ]
        },
        {
          "id": 21,
          "sampleStart": 72324,
          "sampleDur": 5732,
          "labels": [
            {
              "name": "MAU",
              "value": "Z"
            }
          ]
        },
        {
          "id": 22,
          "sampleStart": 78057,
          "sampleDur": 6173,
          "labels": [
            {
              "name": "MAU",
              "value": "n"
            }
          ]
        },
        {
          "id": 23,
          "sampleStart": 84231,
          "sampleDur": 5290,
          "labels": [
            {
              "name": "MAU",
              "value": "f"
            }
          ]
        },
        {
          "id": 24,
          "sampleStart": 89522,
          "sampleDur": 11024,
          "labels": [
            {
              "name": "MAU",
              "value": "}:"
            }
          ]
        },
        {
          "id": 25,
          "sampleStart": 100547,
          "sampleDur": 3087,
          "labels": [
            {
              "name": "MAU",
              "value": "d"
            }
          ]
        },
        {
          "id": 26,
          "sampleStart": 103635,
          "sampleDur": 11024,
          "labels": [
            {
              "name": "MAU",
              "value": "<p:>"
            }
          ]
        }
      ]
    }
  ],
  "links": []
}
