{
  "name": "female1_anxious_15a_2",
  "annotates": "female1_anxious_15a_2.wav",
  "sampleRate": 44100,
  "levels": [
    {
      "name": "ORT",
      "type": "SEGMENT",
      "items": [
        {
          "id": 0,
          "sampleStart": 0,
          "sampleDur": 7055,
          "labels": [
            {
              "name": "ORT",
              "value": "<p:>"
            }
          ]
        },
        {
          "id": 1,
          "sampleStart": 7056,
          "sampleDur": 6171,
          "labels": [
            {
              "name": "ORT",
              "value": "I"
            }
          ]
        },
        {
          "id": 2,
          "sampleStart": 13228,
          "sampleDur": 2645,
          "labels": [
            {
              "name": "ORT",
              "value": "am"
            }
          ]
        },
        {
          "id": 3,
          "sampleStart": 15874,
          "sampleDur": 13229,
          "labels": [
            {
              "name": "ORT",
              "value": "not"
            }
          ]
        },
        {
          "id": 4,
          "sampleStart": 29104,
          "sampleDur": 20285,
          "labels": [
            {
              "name": "ORT",
              "value": "sure"
            }
          ]
        },
        {
          "id": 5,
          "sampleStart": 49390,
          "sampleDur": 9260,
          "labels": [
            {
              "name": "ORT",
              "value": "how"
            }
          ]
        },
        {
          "id": 6,
          "sampleStart": 58651,
          "sampleDur": 24695,
          "labels": [
            {
              "name": "ORT",
              "value": "severe"
            }
          ]
        },
        {
          "id": 7,
          "sampleStart": 83347,
          "sampleDur": 5732,
          "labels": [
            {
              "name": "ORT",
              "value": "the"
            }
          ]
        },
        {
          "id": 8,
          "sampleStart": 89080,
          "sampleDur": 14552,
          "labels": [
            {
              "name": "ORT",
              "value": "wound"
            }
          ]
        },
        {
          "id": 9,
          "sampleStart": 103633,
          "sampleDur": 19403,
          "labels": [
            {
              "name": "ORT",
              "value": "is"
            }
          ]
        },
        {
          "id": 10,
          "sampleStart": 123037,
          "sampleDur": 11464,
          "labels": [
            {
              "name": "ORT",
              "value": "<p:>"
            }
          ]
        }
      ]
    },
    {
      "name": "MAU",
      "type": "SEGMENT",
      "items": [
        {
          "id": 11,
          "sampleStart": 0,
          "sampleDur": 7053,
          "labels": [
            {
              "name": "MAU",
              "value": "<p:>"
            }
          ]
        },
        {
          "id": 12,
          "sampleStart": 7054,
          "sampleDur": 6173,
          "labels": [
            {
              "name": "MAU",
              "value": "Ae"
            }
          ]
        },
        {
          "id": 13,
          "sampleStart": 13228,
          "sampleDur": 1322,
          "labels": [
            {
              "name": "MAU",
              "value": "{"
            }
          ]
        },
        {
          "id": 14,
          "sampleStart": 14551,
          "sampleDur": 1322,
          "labels": [
            {
              "name": "MAU",
              "value": "m"
            }
          ]
        },
        {
          "id": 15,
          "sampleStart": 15874,
          "sampleDur": 4409,
          "labels": [
            {
              "name": "MAU",
              "value": "n"
            }
          ]
        },
        {
          "id": 16,
          "sampleStart": 20284,
          "sampleDur": 5732,
          "labels": [
            {
              "name": "MAU",
              "value": "O"
            }
          ]
        },
        {
          "id": 17,
          "sampleStart": 26017,
          "sampleDur": 3086,
          "labels": [
            {
              "name": "MAU",
              "value": "t"
            }
          ]
        },
        {
          "id": 18,
          "sampleStart": 29104,
          "sampleDur": 7937,
          "labels": [
            {
              "name": "MAU",
              "value": "S"
            }
          ]
        },
        {
          "id": 19,
          "sampleStart": 37042,
          "sampleDur": 12347,
          "labels": [
            {
              "name": "MAU",
              "value": "o:"
            }
          ]
        },
        {
          "id": 20,
          "sampleStart": 49390,
          "sampleDur": 4850,
          "labels": [
            {
              "name": "MAU",
              "value": "h"
            }
          ]
        },
        {
          "id": 21,
          "sampleStart": 54241,
          "sampleDur": 4409,
          "labels": [
            {
              "name": "MAU",
              "value": "{O"
            }
          ]
        },
        {
          "id": 22,
          "sampleStart": 58651,
          "sampleDur": 7937,
          "labels": [
            {
              "name": "MAU",
              "value": "s"
            }
          ]
        },
        {
          "id": 23,
          "sampleStart": 66589,
          "sampleDur": 1763,
          "labels": [
            {
              "name": "MAU",
              "value": "@"
            }
          ]
        },
        {
          "id": 24,
          "sampleStart": 68353,
          "sampleDur": 4850,
          "labels": [
            {
              "name": "MAU",
              "value": "v"
            }
          ]
        },
        {
          "id": 25,
          "sampleStart": 73204,
          "sampleDur": 10142,
          "labels": [
            {
              "name": "MAU",
              "value": "e:"
            }
          ]
        },
        {
          "id": 26,
          "sampleStart": 83347,
          "sampleDur": 3527,
          "labels": [
            {
              "name": "MAU",
              "value": "D"
            }
          ]
        },
        {
          "id": 27,
          "sampleStart": 86875,
          "sampleDur": 2204,
          "labels": [
            {
              "name": "MAU",
              "value": "@"
            }
          ]
        },
        {
          "id": 28,
          "sampleStart": 89080,
          "sampleDur": 5732,
          "labels": [
            {
              "name": "MAU",
              "value": "w"
            }
          ]
        },
        {
          "id": 29,
          "sampleStart": 94813,
          "sampleDur": 2204,
          "labels": [
            {
              "name": "MAU",
              "value": "{O"
            }
          ]
        },
        {
          "id": 30,
          "sampleStart": 97018,
          "sampleDur": 4409,
          "labels": [
            {
              "name": "MAU",
              "value": "n"
            }
          ]
        },
        {
          "id": 31,
          "sampleStart": 101428,
          "sampleDur": 2204,
          "labels": [
            {
              "name": "MAU",
              "value": "d"
            }
          ]
        },
        {
          "id": 32,
          "sampleStart": 103633,
          "sampleDur": 7937,
          "labels": [
            {
              "name": "MAU",
              "value": "I"
            }
          ]
        },
        {
          "id": 33,
          "sampleStart": 111571,
          "sampleDur": 11465,
          "labels": [
            {
              "name": "MAU",
              "value": "z"
            }
          ]
        },
        {
          "id": 34,
          "sampleStart": 123037,
          "sampleDur": 11465,
          "labels": [
            {
              "name": "MAU",
              "value": "<p:>"
            }
          ]
        }
      ]
    }
  ],
  "links": []
}
